date,daily_max
2019-07-29,24.02
2019-07-30,25.81
2019-07-31,23.63
2019-08-01,25.2
2019-08-02,24.05
2019-08-03,26.51
2019-08-04,26.61
2019-08-05,27.45
2019-08-06,26.04
2019-08-07,23.05
2019-08-08,26.35
2019-08-09,27.94
2019-08-10,23.62
2019-08-11,24.79
2019-08-12,22.25
2019-08-13,21.45
2019-08-14,23.17
2019-08-15,23.07
2019-08-16,23.92
2019-08-17,28.13
2019-08-18,28.21
2019-08-19,23.54
2019-08-20,18.91
2019-08-21,20.84
2019-08-22,22.47
2019-08-23,21.0
2019-08-24,22.78
2019-08-25,24.39
2019-08-26,25.56
2019-08-27,24.73
2019-08-28,23.39
2020-05-29,20.35
2020-05-30,20.71
2020-05-31,21.99
2020-06-01,23.24
2020-06-02,22.86
2020-06-03,20.14
2020-06-04,16.36
2020-06-05,15.41
2020-06-06,18.93
2020-06-07,15.45
2020-06-08,18.35
2020-06-09,15.04
2020-06-10,15.62
2020-06-11,19.81
2020-06-12,21.08
2020-06-13,18.15
2020-06-14,17.4
2020-06-15,20.4
2020-06-16,22.18
2020-06-19,18.66
2020-06-20,22.12
2020-06-21,22.5
2020-06-22,24.8
2020-06-23,27.49
2020-06-24,28.21
2020-06-25,26.17
2020-06-26,24.51
2020-06-27,25.73
2020-06-28,23.88
2020-06-29,23.9
2020-06-30,24.11
2020-07-01,27.41
2020-07-02,24.46
2020-07-03,20.76
2020-07-04,24.1
2020-07-05,25.26
2020-07-06,23.34
2020-07-07,23.28
2020-07-08,25.55
2020-07-10,27.81
2020-07-11,23.4
2020-07-12,24.77
2020-07-13,25.23
2020-07-14,25.14
2020-07-15,22.27
2020-07-16,23.43
2020-07-17,21.15
2020-07-18,24.69
2020-07-19,26.86
2020-07-20,27.56
2020-07-21,26.97
2020-07-22,24.88
2020-07-23,26.54
2020-07-24,22.53
2020-07-25,24.57
2020-07-26,26.69
2020-07-27,27.32
2020-07-28,28.71
2020-07-29,27.19
2020-07-30,29.18
2020-07-31,29.48
2020-08-01,31.64
2020-08-02,25.0
2020-08-03,19.57
2020-08-04,20.61
2020-08-05,23.49
2020-08-06,27.26
2020-08-07,27.08
2020-08-08,28.32
2020-08-09,28.78
2020-08-10,29.03
2020-08-11,26.61
2020-08-12,27.01
2020-08-13,27.13
2020-08-14,23.6
2020-08-15,26.98
2020-08-16,24.76
2020-08-17,24.06
2020-08-18,24.46
2020-08-19,25.42
2020-08-20,27.03
2020-08-21,29.22
2020-08-22,26.06
2020-08-23,24.05
2020-08-24,23.82
2020-08-25,25.29
2020-08-26,26.66
2020-08-27,24.38
2021-05-30,21.56
2021-05-31,20.73
2021-06-05,18.22
2021-06-06,21.54
2021-06-07,20.97
2021-06-08,20.17
2021-06-09,21.14
2021-06-10,26.08
2021-06-11,26.82
2021-06-12,26.22
2021-06-13,26.81
2021-06-14,26.25
2021-06-15,26.25
2021-06-16,27.64
2021-06-17,28.92
2021-06-18,28.05
2021-06-19,27.02
2021-06-20,25.16
2021-06-21,24.4
2021-06-22,22.01
2021-06-23,22.97
2021-06-24,21.02
2021-06-25,20.06
2021-06-26,23.57
2021-06-27,24.2
2021-06-28,22.89
2021-06-29,22.05
2021-06-30,18.52
2021-07-01,20.67
2021-07-02,23.94
2021-07-03,19.89
2021-07-04,20.86
2021-07-05,24.36
2021-07-06,22.12
2021-07-07,23.67
2021-07-08,20.26
2021-07-09,22.94
2021-07-10,23.04
2021-07-11,23.89
2021-07-12,22.83
2021-07-13,16.95
2021-07-14,18.0
2021-07-15,16.98
2021-07-16,22.3
2021-07-17,24.07
2021-07-18,26.12
2021-07-19,27.88
2021-07-20,27.98
2021-07-21,25.65
2021-07-22,26.7
2021-07-23,26.83
2021-07-24,24.03
2021-07-25,22.73
2021-07-26,22.24
2021-07-27,22.78
2021-07-28,22.84
2021-07-29,24.78
2021-07-30,25.25
2021-07-31,22.88
2021-08-01,17.41
2021-08-02,21.34
2021-08-03,21.01
2021-08-04,17.3
2021-08-05,21.45
2021-08-06,23.03
2021-08-07,20.14
2021-08-08,21.24
2021-08-09,21.41
2021-08-10,23.82
2021-08-11,24.97
2021-08-12,27.78
2021-08-13,25.97
2021-08-14,28.76
2021-08-15,29.84
2021-08-16,22.67
2021-08-17,21.33
2021-08-18,23.2
2021-08-19,22.75
2021-08-20,25.96
2021-08-21,24.4
2021-08-22,24.71
2021-08-23,23.18
2021-08-24,21.48
2021-08-25,20.87
2021-08-26,24.05
2021-08-27,21.09
2021-08-28,20.73
2022-05-30,19.38
2022-05-31,18.16
2022-06-01,17.67
2022-06-02,22.46
2022-06-03,22.53
2022-06-04,26.49
2022-06-05,22.13
2022-06-06,23.36
2022-06-07,21.49
2022-06-08,18.0
2022-06-09,17.3
2022-06-10,23.22
2022-06-11,26.37
2022-06-12,25.6
2022-06-13,26.27
2022-06-14,25.94
2022-06-15,29.74
2022-06-16,30.76
2022-06-17,30.89
2022-06-18,29.82
2022-06-19,31.0
2022-06-20,30.71
2022-06-21,29.15
2022-06-22,25.31
2022-06-23,24.89
2022-06-24,21.3
2022-06-25,24.32
2022-06-26,27.77
2022-06-27,22.35
2022-06-28,21.54
2022-06-29,27.0
2022-06-30,27.3
2022-07-01,22.15
2022-07-02,24.17
2022-07-03,28.98
2022-07-04,25.46
2022-07-05,26.52
2022-07-06,26.39
2022-07-07,25.18
2022-07-08,24.94
2022-07-09,27.47
2022-07-10,26.82
2022-07-11,27.02
2022-07-12,28.82
2022-07-13,26.88
2022-07-14,32.5
2022-07-15,30.4
2022-07-16,29.67
2022-07-17,30.98
2022-07-18,34.25
2022-07-19,31.7
2022-07-20,30.05
2022-07-21,29.2
2022-07-22,30.26
2022-07-23,28.34
2022-07-24,30.81
2022-07-25,32.01
2022-07-26,26.76
2022-07-27,26.95
2022-07-28,27.92
2022-07-29,23.27
2022-07-30,27.76
2022-07-31,28.73
2022-08-01,30.21
2022-08-02,30.64
2022-08-03,30.29
2022-08-04,33.33
2022-08-05,32.03
2022-08-06,25.32
2022-08-07,24.55
2022-08-08,28.48
2022-08-09,29.85
2022-08-10,29.67
2022-08-11,29.79
2022-08-12,30.03
2022-08-13,28.23
2022-08-14,22.42
2022-08-15,24.72
2022-08-16,26.66
2022-08-17,28.2
2022-08-18,23.24
2022-08-19,21.28
2022-08-20,23.01
2022-08-21,25.73
2022-08-22,27.13
2022-08-23,27.84
2022-08-24,26.93
2022-08-25,27.19
2022-08-26,24.29
2022-08-27,26.49
2022-08-28,24.24
2023-05-30,24.69
2023-05-31,21.44
2023-06-01,24.39
2023-06-02,26.54
2023-06-03,21.73
2023-06-04,21.31
2023-06-05,25.06
2023-06-06,23.71
2023-06-07,24.66
2023-06-08,24.88
2023-06-09,22.4
2023-06-10,21.34
2023-06-11,26.81
2023-06-12,27.38
2023-06-13,25.41
2023-06-14,26.4
2023-06-15,25.09
2023-06-16,24.81
2023-06-17,25.59
2023-06-18,26.48
2023-06-19,25.68
2023-06-20,27.8
2023-06-21,26.98
2023-06-22,24.59
2023-06-23,25.08
2023-06-24,27.12
2023-06-25,26.83
2023-06-26,28.89
2023-06-27,25.3
2023-06-28,26.84
2023-06-29,24.53
2023-06-30,20.67
2023-07-01,20.4
2023-07-02,22.45
2023-07-03,22.58
2023-07-04,25.84
2023-07-05,22.23
2023-07-06,23.67
2023-07-07,27.13
2023-07-08,26.14
2023-07-09,29.4
2023-07-10,29.38
2023-07-11,33.45
2023-07-12,25.99
2023-07-13,24.83
2023-07-14,28.81
2023-07-15,30.19
2023-07-16,25.72
2023-07-17,28.15
2023-07-18,27.85
2023-07-19,28.39
2023-07-20,27.83
2023-07-21,25.5
2023-07-22,26.05
2023-07-23,29.06
2023-07-24,26.32
2023-07-25,21.19
2023-07-26,20.42
2023-07-27,25.85
2023-07-28,25.93
2023-07-29,23.4
2023-07-30,24.49
2023-07-31,23.75
2023-08-01,23.7
2023-08-02,27.3
2023-08-03,22.72
2023-08-04,19.94
2023-08-05,21.35
2023-08-06,19.08
2023-08-07,20.43
2023-08-08,22.18
2023-08-09,25.0
2023-08-10,25.89
2023-08-11,28.05
2023-08-12,27.99
2023-08-13,28.62
2023-08-14,27.17
2023-08-15,28.38
2023-08-16,28.69
2023-08-17,28.34
2023-08-18,30.11
2023-08-19,31.67
2023-08-20,31.93
2023-08-21,31.93
2023-08-22,32.64
2023-08-23,34.69
2023-08-24,34.09
2023-08-25,29.3
2023-08-26,24.65
2023-08-27,19.25
2023-08-28,16.92
2024-05-29,18.44
2024-05-30,17.6
2024-05-31,13.72
2024-06-01,18.28
2024-06-02,17.1
2024-06-03,20.19
2024-06-04,22.23
2024-06-05,23.15
2024-06-06,22.47
2024-06-07,23.95
2024-06-08,22.66
2024-06-09,21.72
2024-06-10,21.43
2024-06-11,16.9
2024-06-12,19.12
2024-06-13,20.31
2024-06-14,19.09
2024-06-15,19.4
2024-06-16,20.57
2024-06-17,23.65
2024-06-18,27.72
2024-06-19,27.17
2024-06-20,23.69
2024-06-21,20.94
2024-06-22,17.96
2024-06-23,19.55
2024-06-24,25.87
2024-06-25,25.17
2024-06-26,22.29
2024-06-27,26.6
2024-06-28,27.77
2024-06-29,22.65
2024-07-02,20.72
2024-07-03,18.69
2024-07-04,21.63
2024-07-05,23.75
2024-07-06,21.43
2024-07-07,21.12
2024-07-08,23.88
2024-07-09,27.5
2024-07-10,25.17
2024-07-11,26.55
2024-07-12,23.67
2024-07-13,23.55
2024-07-14,23.35
2024-07-15,26.09
2024-07-16,24.35
2024-07-17,26.24
2024-07-18,27.42
2024-07-19,26.88
2024-07-20,27.43
2024-07-21,24.28
2024-07-22,24.34
2024-07-23,26.98
2024-07-24,26.12
2024-07-25,26.49
2024-07-26,27.54
2024-07-27,29.52
2024-07-28,28.15
2024-07-29,29.3
2024-07-30,29.19
2024-07-31,28.77
2024-08-01,26.86
2024-08-02,28.78
2024-08-03,27.31
2024-08-04,26.58
2024-08-05,28.04
2024-08-06,27.98
2024-08-07,25.21
2024-08-08,26.87
2024-08-09,28.95
2024-08-10,30.17
2024-08-11,30.9
2024-08-12,28.64
2024-08-13,28.64
2024-08-14,25.31
2024-08-15,27.7
2024-08-16,27.77
2024-08-17,24.59
2024-08-18,20.8
2024-08-19,23.35
2024-08-20,23.76
2024-08-21,23.97
2024-08-22,23.99
2024-08-23,26.07
2024-08-24,27.55
2024-08-25,23.43
2024-08-26,22.33
2024-08-27,24.81
2025-05-30,23.72
2025-05-31,24.76
2025-06-01,24.89
2025-06-02,21.07
2025-06-03,23.97
2025-06-04,20.06
2025-06-05,20.44
2025-06-06,22.03
2025-06-07,19.65
2025-06-08,20.56
2025-06-09,21.57
2025-06-10,24.2
2025-06-11,25.89
2025-06-12,26.04
2025-06-13,29.28
2025-06-14,28.66
2025-06-15,25.71
2025-06-16,23.82
2025-06-17,26.13
2025-06-18,27.71
2025-06-19,29.41
2025-06-20,29.65
2025-06-21,25.85
2025-06-22,27.13
2025-06-23,28.24
2025-06-24,26.2
2025-06-25,30.38
2025-06-26,26.83
2025-06-27,28.32
2025-06-28,32.01
2025-06-29,30.85
2025-06-30,29.31
2025-07-01,32.05
2025-07-02,29.84
2025-07-03,30.24
2025-07-04,28.79
2025-07-05,29.23
2025-07-06,24.6
2025-07-07,21.15
2025-07-08,16.88
2025-07-09,22.56
2025-07-10,25.24
2025-07-11,27.2
2025-07-12,26.52
2025-07-13,26.71
2025-07-14,25.44
2025-07-15,25.91
2025-07-16,24.22
2025-07-17,26.44
2025-07-18,27.26
2025-07-19,23.25
2025-07-20,25.38
2025-07-21,23.85
2025-07-22,23.3
2025-07-23,24.21
2025-07-24,22.78
2025-07-25,22.78
2025-07-26,21.46
2025-07-27,23.08
2025-07-28,19.11
2025-07-29,22.47
2025-07-30,22.14
2025-07-31,24.99
2025-08-01,24.62
2025-08-02,21.67
2025-08-03,22.85
2025-08-04,24.91
2025-08-05,26.52
2025-08-06,23.41
2025-08-07,26.25
2025-08-08,29.36
2025-08-09,30.35
2025-08-10,31.79
2025-08-11,28.53
2025-08-12,31.18
2025-08-13,35.96
2025-08-14,30.72
2025-08-15,32.96
2025-08-16,30.78
2025-08-17,28.76
2025-08-18,27.85
2025-08-19,24.56
2025-08-20,20.38
2025-08-21,21.45
2025-08-22,23.63
2025-08-23,22.9
2025-08-24,24.31
2025-08-25,23.45
2025-08-26,25.96
2025-08-27,24.61
2025-08-28,21.94
2026-05-30,27.01
2026-05-31,26.82
2026-06-01,24.1
2026-06-02,21.92
2026-06-03,18.93
2026-06-04,17.79
2026-06-05,18.63
2026-06-06,21.46
2026-06-07,21.9
2026-06-08,22.47
2026-06-09,18.92
2026-06-10,16.8
2026-06-11,19.04
2026-06-12,23.07
2026-06-13,27.0
2026-06-14,27.32
2026-06-15,26.51
2026-06-16,26.62
2026-06-17,27.99
2026-06-18,30.57
2026-06-19,30.94
2026-06-20,27.69
2026-06-21,29.39
2026-06-22,34.84
2026-06-23,34.73
2026-06-24,34.46
2026-06-25,30.31
2026-06-26,31.64
2026-06-27,30.83
2026-06-28,33.79
2026-06-29,31.24
2026-06-30,28.99
2026-07-01,23.41
2026-07-09,32.79
2026-07-10,30.88
2026-07-11,28.87
2026-07-12,33.45
2026-07-13,28.55
2026-07-14,32.55
2026-07-15,27.43
2026-07-16,29.08
2026-07-17,28.23
2026-07-18,28.74
2026-07-19,28.0
2026-07-20,27.52
2026-07-21,26.26
2026-07-22,26.45
2026-07-23,27.14
2026-07-24,26.51
2026-07-25,25.93
2026-07-26,23.37
2026-07-27,25.48
2026-07-28,28.61
2026-07-29,31.75
2026-07-30,31.75
2026-07-31,28.86
2026-08-01,30.25
2026-08-02,30.44
2026-08-03,29.9
2026-08-04,29.87
2026-08-05,29.55
2026-08-06,29.91
2026-08-07,29.28
2026-08-08,29.94
2026-08-09,29.28
2026-08-10,30.63
2026-08-11,29.28
2026-08-12,30.68
2026-08-13,31.18
2026-08-14,31.27
2026-08-15,30.06
2026-08-16,31.76
2026-08-17,24.0
2026-08-18,27.37
2026-08-19,30.08
2026-08-20,27.87
2026-08-21,20.83
2026-08-22,23.61
2026-08-23,25.82
2026-08-24,25.25
2026-08-25,24.89
2026-08-26,26.18
2026-08-27,26.91
2026-08-28,24.79
