day_of_year,mean_air_temperature,std_air_temperature,mean_daily_max_air_temperature,std_daily_max_air_temperature
1,5.149383420745921,4.26682736226048,7.765600000000001,4.325966978607211
2,6.5298214646464645,3.353709800994895,9.154399999999999,4.067164651203587
3,6.218720979020979,3.1613317966942525,7.930199999999999,2.8288178096158823
4,5.315662597125097,4.698578057641137,7.5286,5.038481894380488
5,4.419936290159116,3.7292726619953274,6.169571428571429,3.9728532088472157
6,4.288892857142857,4.031448692494429,5.882857142857143,3.790667418303863
7,4.060300886613386,3.346355553472289,6.0045714285714284,3.1874582275507475
8,4.249121267621268,3.487754464573764,6.588,3.6618577252536726
9,4.890986069486069,3.6400581844212203,7.692857142857143,4.718474203545444
10,3.5194946445959103,2.691559143824685,4.904428571428572,3.009375065643079
11,3.2828463561901065,3.0442040810723077,4.737166666666666,3.1539823979639876
12,2.7135904304029306,2.7881143429873663,4.562571428571428,2.7841720407296946
13,3.2678468475968474,3.3972086423411256,5.047,3.3727727465692086
14,3.9987631604506606,3.4625199358512777,6.322857142857143,3.334424009659011
15,4.928482608575,2.3958563352884448,7.558999999999999,2.6201499957063525
16,3.591103993228993,2.101045290566398,5.5042857142857144,2.3471895047968694
17,4.486473970473971,1.7270843446181485,6.0277142857142865,1.7303247974764462
18,4.0920426448551455,2.0504704619514627,6.122285714285714,2.6621206280135463
19,1.921996121933622,1.8305148297486613,3.9765714285714284,2.110226753782861
20,2.0620525793650795,2.652653723214517,4.307285714285714,2.974188276616312
21,2.809780948218448,3.022616305998761,4.6977142857142855,2.9822154915591255
22,3.898666028416028,2.1415558119659606,5.908857142857143,2.3744750597813846
23,4.1023754925629925,2.7771308259757306,5.7744285714285715,2.950491645875472
24,4.549839133089132,2.9832492749906727,6.470285714285715,3.6113650103659194
25,5.029611832611833,3.6269746785163846,6.935142857142857,4.935313783626847
26,4.3588076645576646,3.0342828167504066,5.741,3.411706708770065
27,4.430059523809524,2.989501947836861,6.036142857142857,3.411183442178165
28,5.342709887334887,2.1130680238646264,7.698571428571428,3.1066322525173384
29,5.546334831834832,2.533613062295784,7.664571428571429,3.0589006662058
30,5.261780386280386,1.579508149093267,7.123571428571429,1.9710461568367579
31,5.579830912143413,1.5716521537246158,7.354857142857143,1.8067526512661167
32,5.7010637418137415,2.0473046519512006,7.312857142857142,1.8993028921660906
33,6.623320741758241,1.8603618649582367,8.626714285714286,2.6999265863035187
34,6.830074404761905,3.1305481336094045,8.552571428571428,3.3645125876389512
35,5.691176115551116,1.4752122850543397,8.955714285714285,3.6496533494879437
36,5.269583610833611,1.4073583712681625,7.174571428571428,1.670425779768226
37,4.871270056332556,1.7635661776214095,6.853000000000001,2.432656572556019
38,4.901157486586184,1.8035384178548792,7.1977142857142855,1.6807050816334708
39,4.683323939948941,2.208223667897343,6.674428571428571,2.189645546440706
40,5.532361888111888,2.4124935095430406,7.764,2.53367184141909
41,6.559634920634921,2.6384688741550804,9.28357142857143,2.9254480487122456
42,5.81351273032523,3.080244273165819,8.334,2.553978334546582
43,4.78360927960928,3.7469786181377547,6.405571428571428,3.937284802887343
44,4.711498217060717,3.837372377024125,6.727714285714286,4.424357720403634
45,5.039276785714286,3.3995820501235996,6.945428571428571,3.2122332759386607
46,4.845392364579864,1.9514360632849923,7.054142857142857,1.9666794713061768
47,6.618241008991008,2.099203417116048,9.444285714285714,2.197535416042687
48,7.638992063492062,2.553228526655464,10.184,3.588171354139413
49,7.09837348068598,2.189769659231893,9.869,3.1345315971183534
50,7.135574793262293,1.8031559336012748,9.26757142857143,2.527921007280017
51,7.211208236208236,0.6768632627744703,9.649714285714285,0.8626049142540504
52,7.275328366078367,0.5885568815399603,9.766,1.3029397530200693
53,7.2794836428191685,0.6982263323673434,9.418571428571429,1.0167829753923006
54,8.413869928682429,1.3528372151574508,10.815714285714288,2.072935576606737
55,8.634139034576535,1.366106830782019,11.195,2.1917093785445187
56,7.796389528295779,1.3114404088138796,10.181,1.5173602077291992
57,6.10001307026307,2.617749536979795,9.021857142857142,3.1803098606148126
58,5.547379127816629,2.935709424248458,8.072000000000001,2.8574715396657937
59,5.88380833980834,2.8957320326166243,8.355833333333333,2.548699544212041
60,6.18987088027713,2.626261212643817,8.823333333333332,3.662935635070138
61,6.208297874579125,1.8040654701174443,8.719333333333333,1.8542881832839968
62,6.370317460317461,1.5904271956517728,8.539857142857143,2.061615501540109
63,7.236013458763458,1.2976656044244788,10.691,1.9136327582201687
64,6.3730669839419845,1.692155191998646,8.7615,1.5508543129514134
65,6.274094655975339,1.936204918177268,8.961571428571428,1.723688666507853
66,6.472025703463203,2.1094321201594046,9.531285714285714,2.546158329345455
67,7.013236027861027,2.1498788328344047,10.317285714285715,2.5431250273554986
68,7.537170919358418,2.5905502333898025,10.773428571428571,2.5558277757015673
69,7.738825396825397,1.8615277443863996,10.20857142857143,1.6063564213402177
70,7.8583558386058385,1.8685380845616368,9.935857142857143,2.8199055793041157
71,8.532685092685094,0.9173582590800267,11.087142857142856,1.441431167112675
72,9.083092927905428,1.3131093581808657,12.209999999999999,2.859160716014405
73,7.171961566211566,1.6521948510377196,10.08357142857143,1.9616972122070604
74,6.8313109390609394,1.7536572823543868,9.151285714285715,2.579710882656279
75,7.3767322746697745,2.3071024013159476,10.011333333333333,2.318524243277751
76,8.398355158730158,2.38513307347884,12.114428571428572,3.5115363141671034
77,8.09899580974581,2.4788905725263253,10.88457142857143,2.909440888850345
78,8.49401268870019,2.338790069864873,12.001857142857144,2.772084199573276
79,8.57414235070485,2.6296734457434585,11.74757142857143,3.056452947298162
80,9.1463185980686,2.347637824274589,12.945142857142857,2.7681170151429306
81,9.773954496891998,2.609763240450814,13.609857142857143,3.696195811397237
82,9.213881833444333,2.9356932801371576,12.011142857142858,3.039420308138348
83,8.844454470618034,2.439173638934848,12.219,2.497130419768526
84,8.50536641895275,2.594190250291325,12.452857142857143,3.5393535863945287
85,7.885085941835941,3.0814449691247323,11.121714285714287,3.3278312113790527
86,7.77536507936508,2.7460127713961797,10.444857142857144,3.1099518982652787
87,7.078533556721057,2.415156792610917,10.330857142857143,2.5541336057830795
88,9.387332174769677,1.8919967386232825,12.684285714285712,2.59437119641001
89,10.45518802031302,2.688947333880436,14.228285714285715,3.681035258107232
90,9.334787455599955,3.4689482281797663,11.932571428571427,4.435451080297728
91,7.833264346764346,3.4413890274943806,11.080714285714285,2.9542658825437336
92,7.746673326673327,3.6378208997525867,10.958285714285713,5.070148640631282
93,7.766908730158731,2.47187750775519,11.11057142857143,3.420948545707894
94,8.672686965811966,2.7553638906485793,12.689857142857145,3.7037688205651396
95,10.047077755577757,3.0227199046569244,15.012857142857143,4.2891402179835305
96,10.030301441613942,3.924916496839071,13.77442857142857,4.760504940204798
97,9.823513215950715,4.080942015377146,13.503714285714285,5.0760887079944315
98,10.965801864801865,3.346674661701261,15.507142857142856,3.7139095047569226
99,11.536989434176935,3.2003646342885608,16.184285714285714,3.941767188892385
100,11.332951735764237,2.8767719137008974,16.685714285714287,3.8725308569584365
101,11.464144327894328,2.4071900429693076,15.398571428571428,2.9670323477139497
102,10.709843156843158,2.823194362693986,14.465428571428571,3.529781808985878
103,10.572078574203573,3.378519537994425,13.671428571428573,4.318882681787922
104,11.405107309357309,3.718578506277859,15.608571428571429,4.912102158857002
105,11.749644751082252,4.050887695358791,15.54857142857143,5.343027944812531
106,11.826552002395752,3.0410304857664308,15.843333333333334,3.627129259713068
107,10.734716435185184,2.3375466008939014,15.104999999999999,3.970555376770359
108,11.232616307303807,3.108084955949402,14.911333333333333,4.142985718858643
109,11.56561122211122,3.405229075143695,16.292857142857144,4.112921566176993
110,11.079124375624374,2.9534379631331062,14.435714285714285,2.9375037993896407
111,11.112920627983128,2.9275193610223775,14.354285714285714,4.425038068170929
112,10.945474032911534,2.8242991002184947,15.060285714285714,3.578142987374211
113,11.2140273488086,3.4736337870270964,14.719666666666667,4.539239657328822
114,10.963807870370369,3.4241381564590867,13.879166666666668,4.7075645685074425
115,11.587833017676767,3.6312633930271483,15.13,5.23260164736434
116,12.293839322714321,3.5576115810701543,16.423333333333332,4.376243442344892
117,13.133843231999483,2.1905098842030575,16.599999999999998,3.2317735069153595
118,14.086514827764828,1.6041071655665016,18.831666666666667,2.0606156038103434
119,14.361503502978502,1.5933625373983824,17.425,2.77435938551587
120,13.092235611610613,2.293517201879005,16.5,3.519682750855064
121,12.689809523809526,2.5773102862194968,15.801428571428572,3.8483608136947014
122,13.661233384670883,3.4594098963011124,17.235714285714288,4.372332928551443
123,13.243538537851038,2.4604951109635183,16.68,2.663612834729051
124,12.992427364302364,1.6441203805089635,15.822857142857144,2.236960097138632
125,12.659369769119769,2.463744568280754,15.891428571428571,3.807437583517417
126,12.95788002969253,2.699378834201139,15.008571428571429,2.950318788263559
127,13.235276251526253,2.2423786362959808,15.881428571428572,3.296844089789651
128,13.58918353174603,2.180707636401105,17.110000000000003,3.1517878524206973
129,15.248672454306258,1.8853641773169518,19.891428571428573,3.7453812826441246
130,14.835139027639027,1.9906033536578556,18.555714285714284,2.9293278930092312
131,14.550998376623378,2.6904850998976824,18.099999999999998,4.124693928038782
132,14.119400252525253,2.8232602760710903,17.228571428571428,3.5072089024913082
133,13.368131500444003,3.590551413072648,16.574285714285715,4.411971808397606
134,13.802319826007325,3.5352706654210677,17.12142857142857,4.764274791163319
135,13.328261904761906,3.8647963381403128,15.892857142857142,5.156370539716589
136,13.024084257159052,3.022698269376532,15.335714285714285,3.368752771886835
137,13.433529212516572,3.389097707957285,16.91,4.988356442757475
138,14.539272533022531,3.7952526111834786,18.06142857142857,4.731519941031735
139,14.918477078477078,3.737233576064467,18.577142857142857,4.500169308984253
140,16.203323407812842,3.7187379953189286,19.924285714285713,4.7435776130921035
141,16.890467032967035,3.7597595633755807,20.482857142857142,4.179281095618058
142,16.565565476190475,3.3446658569938603,21.327142857142857,4.771605998982294
143,16.819871447996448,3.4232436478096178,20.95285714285714,3.9409927441602597
144,15.840990675990676,3.213631764538143,19.442857142857143,4.812389268979649
145,15.823940087690088,3.5752936450901283,19.474285714285713,4.425486252540908
146,17.310124042624043,3.0844283168699436,21.57,3.795391942869669
147,18.26953823953824,2.993609246968726,22.25142857142857,4.060461503209656
148,17.906058316683318,3.3233855318823755,21.822857142857142,4.315073248840296
149,18.311874999999997,2.836546335169092,22.975714285714286,3.5827357198229453
150,17.707761335886335,1.9652803245109691,22.164285714285715,3.0973045116835447
151,17.722655122655123,2.5495668778417886,21.46,3.3292892134307976
152,17.586669985107484,3.1269656175809644,21.12666666666667,4.4990072979121365
153,18.052210324397823,1.6789517794894129,22.251666666666665,2.7088921474777594
154,18.074291472416473,1.7154912099989903,21.186666666666667,2.6245050326998163
155,17.988706455581454,2.0362740545214435,20.996666666666666,2.92641532709673
156,17.527599206349205,2.0959867424376943,20.43857142857143,2.951143442641787
157,18.186616022866023,2.1153318653282547,21.52285714285714,2.841206986978797
158,18.43403665778666,1.3338055501200883,21.43857142857143,1.8871709741606053
159,17.753247724497726,2.4946942699861507,20.782857142857143,3.323470647208598
160,17.495877733377732,2.0567391106845125,20.334285714285716,2.1211935095040015
161,17.76006098068598,2.3125843852014256,21.2,3.9684253804248346
162,18.785388916638915,3.0585989038117622,23.139999999999997,4.4961316706698
163,19.389599775224774,3.032643564985612,23.57428571428571,3.886660336513672
164,20.654422660672658,3.1016595176532222,24.995714285714286,3.589711488605814
165,20.50038926351427,3.0742558983938633,24.71857142857143,3.906155094085183
166,20.36936410811411,3.3513206146888423,24.255714285714284,4.3900032541478335
167,20.803501706626708,3.089293489661654,24.77857142857143,4.007844094486997
168,21.50421071983572,2.6886792156218653,26.03857142857143,3.6662988993053505
169,22.946378609816108,1.8068028550890842,27.713333333333335,2.4796666442622226
170,23.77164351851852,1.975714206436346,28.628333333333334,2.176422906207953
171,22.55307525807526,3.2698762244577586,26.69142857142857,3.9624547466245748
172,22.212716866466867,2.8324100027907844,25.94,2.748417726620173
173,21.609770091020092,3.186424851810641,25.33142857142857,4.699849035062824
174,21.60155566655567,3.9763462341756894,25.524285714285714,5.115130683058047
175,21.58714951714952,3.7572078854750357,25.305714285714284,5.16728122305098
176,21.900701243201244,2.7557426885574827,26.568571428571428,3.633031005333466
177,22.770635614385615,2.887520049265718,27.148571428571426,2.625886698313725
178,22.43639901764902,2.544658706612083,25.400000000000002,3.1418678096529344
179,22.91161560661561,2.9432383859401177,27.057142857142857,4.466235231473723
180,22.968002067377064,2.9919036046552527,26.759999999999998,3.4958928282581363
181,21.32304410866911,3.272514741723496,24.47714285714286,4.190153991942356
182,20.673207718207717,2.926593637457138,23.798333333333332,4.298606363307376
183,21.520502622377624,2.1718086640472802,25.562,2.9987280636963396
184,21.290520833333332,2.8055188809999794,24.478333333333335,4.295199258086482
185,20.675972141284642,2.9240411564712567,23.400000000000002,3.869227313043263
186,21.049610690235692,1.9334663643906678,24.67833333333333,2.8224770444888776
187,20.950969955969956,1.1492328843553175,24.298333333333336,1.4718344562710395
188,20.271406177156177,1.5924644355845308,23.650000000000002,2.268312147831511
189,19.084877865190368,2.7961334628175787,22.103333333333335,3.387445448515247
190,21.753443196588357,3.826079651218128,26.37,3.758563555402516
191,22.85654793123543,3.0657569408562884,27.14333333333333,2.8162788687675557
192,22.886390207015207,2.392268706112913,27.63,3.0561031832493266
193,22.650511294261293,2.330806015495,26.794285714285714,3.5688600287433405
194,21.32736534299034,3.1287554452841846,24.622857142857146,3.757626530518585
195,21.942914585414588,3.8060538221705085,26.58285714285714,5.189404957172238
196,22.1777176989677,3.4315021661011023,25.62857142857143,4.603004194984794
197,21.798967490842493,2.289838742316629,25.62142857142857,2.966757087974616
198,22.471319375069378,2.0939470333045183,26.521428571428572,2.7609927476146967
199,23.256359890109888,2.145509043569507,27.37285714285714,3.8940455154235787
200,23.462369782994784,1.9347264619963962,27.332857142857144,2.726289996104071
201,22.75048819236319,1.253523484972089,27.5,1.421888415687626
202,22.49309475246975,1.501660855236451,26.49285714285714,1.7359312033767758
203,22.517875041625043,1.3243558977358374,26.287142857142857,2.215654262181672
204,22.660260434010436,1.4309663099504104,26.400000000000002,1.9545587737389734
205,22.52252282439782,1.6572085889850552,26.28142857142857,2.5313200019714905
206,21.624844530469527,2.4841289003766667,24.755714285714284,3.6864610723694384
207,20.760878080253082,2.0368503864624907,23.615714285714287,2.4451097940096482
208,21.851936605061606,1.964303064394821,25.481428571428573,1.8732985931366144
209,22.407639235764236,2.923098751300194,25.892857142857142,3.697150769109073
210,22.604612956487955,2.580996600607146,25.81875,3.313368754002488
211,22.60289633109946,2.212534259424606,26.71125,2.980831319807087
212,22.78437597125097,2.488878248810949,26.40125,2.830115785112485
213,22.902367120726495,3.533441861079808,26.205,4.421638351820026
214,22.69548738587801,3.28280481464364,26.7425,4.059186230901812
215,21.892010732323232,3.125725939007277,25.8825,3.5470943843417206
216,21.145807473776223,3.910724964735055,24.855,5.545299167506009
217,21.65371904137529,3.2585692890381317,25.6925,4.179770157727404
218,21.291459425990677,3.0139395136034093,24.79,3.336302487142659
219,21.00415051961927,2.9106573076115305,24.8675,3.4275761948392316
220,21.97489698669386,2.5761967546793714,26.23,3.200522278807453
221,23.042995580808082,2.535833518403753,27.3775,2.9591106289366262
222,23.4240735479798,2.36564615575945,27.89375,3.0845093960443224
223,23.659296255827506,1.7781885451327537,28.07625,2.081695308430813
224,24.26496750356125,1.9778662356059762,28.4275,3.009668942401663
225,24.099169823232323,2.8625555071959483,28.3825,4.160253254653754
226,23.549161871114997,2.656362911186474,27.41,3.211692922520993
227,23.357766790501167,2.3023596997128264,27.2425,3.5745958812550707
228,23.210953950563326,2.3454057123741805,27.395,3.102883451611696
229,22.54256021756022,1.9620780480238584,26.41125,2.7149450796865655
230,22.47735704399767,1.8970549920908453,26.07875,2.625024829814541
231,21.615433360042733,2.598026114877688,24.8925,3.9525859528017486
232,21.168263524669776,3.0169122838855875,24.60375,4.161366319234243
233,21.202459510975135,3.2462135205995533,24.49625,3.7766800897084214
234,22.184053273115772,2.935171329892847,25.9225,3.4900214899051845
235,21.801516365578866,3.206271357494203,25.685,4.221482474879444
236,21.525023917055165,2.761217727953067,25.62,3.839319136067154
237,21.647199822746696,2.543317501204086,25.1825,2.6927985973173496
238,20.891707580613833,1.5299704175982238,24.92625,0.9755721764321544
239,21.006970850330227,2.3997261419604765,24.00875,2.8402134602878006
240,19.56517221493784,2.4133346519705765,22.65,2.734363336709818
241,19.710529392482517,2.7058183487431413,23.175,3.081052695798258
242,19.755436638014764,2.9305953600513845,23.0125,3.5162388591058087
243,20.09425535402098,3.004160797895074,23.1525,3.308723318743954
244,19.75737992909868,2.489676880127611,23.19875,2.480353877401944
245,19.723922579156955,2.0082421615502124,23.07875,2.560147526441173
246,19.813080261752138,1.752012253705411,23.2575,2.4804190314196055
247,19.988302556818184,1.3744105708447059,23.17125,1.4252462193299402
248,19.99898871961372,2.2264370954565798,23.032857142857143,2.9440432191444588
249,19.62093011155511,2.7575693559949275,22.41857142857143,3.5897141416897838
250,19.652020548895546,2.195276070869656,22.924285714285713,2.3751270642701554
251,19.37997329059829,3.259197662615794,22.192857142857143,3.8670303605640086
252,19.00234557109557,2.8684142857378903,22.187142857142856,3.216502833232154
253,18.94280192030192,2.266209215680895,21.49285714285714,3.105064219871114
254,19.521960123210125,2.100479686374944,22.801428571428573,3.014622301225747
255,19.013520854145856,2.860368068092218,22.662857142857142,3.668186265198439
256,18.18408986846487,3.3665165053493773,21.32857142857143,3.830075841596476
257,18.75773858086358,3.691416427843265,21.632857142857144,4.098209829855447
258,19.13771284271284,3.046577427409929,21.75714285714286,3.27259690096267
259,18.60308288933289,3.0829850877754086,21.202857142857145,3.161490757462973
260,18.106689768564767,3.866525617851367,21.764285714285712,4.871005567446545
261,17.87984113109113,2.9152828274274016,21.23,3.360818352723039
262,16.450808404558405,2.7920534160424335,19.698333333333334,2.8894111280097654
263,16.7677997002997,2.8702726512008225,19.72142857142857,3.093958783238871
264,17.110858238983237,2.266990776861178,20.077142857142857,2.0435158778089155
265,16.444195734820735,1.6772605277642945,19.572857142857142,1.785699809465131
266,16.079746434121436,1.7323876833975989,18.8,2.362470458369093
267,15.777673437673439,1.852938998838001,18.481428571428573,2.320139568872445
268,16.0065265984016,2.14655076890242,18.12,2.033871513477027
269,14.989432442557442,2.5218304507295124,17.922857142857143,2.8425206788207897
270,15.103897977022978,3.0306531038986173,17.19857142857143,3.7780481229131553
271,15.18545607170607,2.923766517482017,17.59,3.3340165966393545
272,14.792872335997336,3.0521747535266766,17.874285714285715,3.785335111289607
273,14.955335636585636,3.1307286823472675,17.692857142857143,3.4075001310135176
274,15.088732517482516,1.8929081860214836,18.208571428571428,3.0288085037487846
275,15.503130133755134,2.5820801913511864,18.31714285714286,2.575853996158131
276,15.17104014041514,2.8864557664824355,17.931428571428572,3.6136197391324414
277,14.001000666000666,2.00770274073847,16.655714285714286,2.4045294559979724
278,13.960943847818848,1.752313816891203,16.4,2.725227819222949
279,13.717049825174826,2.336545006577007,16.60857142857143,2.9454452327360663
280,13.805563256188256,1.8551546707695927,16.52285714285714,2.283584275400657
281,14.703986568986569,1.658174892301846,17.035714285714285,1.8924838805377546
282,14.613865925740926,1.7226561154084186,16.97142857142857,2.380213075696015
283,14.856699897324898,1.9831544420872091,17.54,2.3361221429254644
284,14.022652722277723,2.207291553448409,16.77,2.120982476746725
285,13.844568903318903,2.734172452125216,16.312857142857144,2.750816329054064
286,13.58389545177045,3.313654199688894,15.819999999999999,4.002678270025375
287,13.626260218947719,3.4569116717525366,15.702857142857143,3.4056703416787832
288,12.769293262293262,2.415047461825665,14.9,2.266046483783302
289,12.501651313963814,2.9283302021822886,14.731428571428571,2.9675996392787924
290,13.056726190476189,2.2018145623975403,15.27,2.2240578529645614
291,13.489174575424576,2.226708274338954,15.51142857142857,2.5198507136430957
292,13.582297910422911,1.8213338320580577,15.285714285714286,1.635113218739069
293,13.987891275391275,2.4425495106996507,16.164285714285715,2.408546291457824
294,14.48911888111888,1.4134182459663813,16.2,1.0069094629939017
295,14.093633172383173,1.1982145673970974,16.18,1.394417441084269
296,13.510129814629815,1.92447310149087,16.024285714285714,2.266751398976497
297,13.01080472999223,2.16457260065897,15.022857142857143,2.0194200015987622
298,12.782946775446776,1.4768832923605293,15.124285714285715,1.2469276528446105
299,13.143855796980798,1.7979502772425295,15.52,2.1180100723713915
300,12.264617340992341,2.24603329062465,14.585714285714285,1.6132870910334707
301,12.675370115995117,2.15238094353137,14.661428571428571,2.488462902887567
302,12.31535608747045,1.84190603422672,14.052857142857144,1.8468596254698075
303,12.227798093110593,1.0903599736075076,13.68,1.5912008044241306
304,12.466822957135458,1.1539410774066765,14.108333333333334,1.7831255330645306
305,11.905830280830282,1.6234434605006731,13.491428571428571,1.7541325355801807
306,11.941691364191366,1.431142461760872,14.282857142857143,1.8292959874016592
307,11.088005439005439,2.1320301963597066,12.860000000000001,2.825485209068819
308,10.551440386002886,1.7787515935239553,13.370000000000001,2.3406266967061047
309,9.84780808080808,1.3268417868512468,11.602857142857143,1.1008741115694425
310,9.390993763181262,1.362120967253876,11.334285714285715,1.2747137867361595
311,9.718471264846263,1.6694667896506188,12.088571428571429,1.9701982012937052
312,9.366417915417916,1.8848732178708847,11.165714285714285,2.3401485504333346
313,9.560046321733822,2.274427468059038,11.298142857142858,2.3815794778935704
314,9.439626873126873,2.166347731750251,11.105714285714285,2.3018315688661004
315,9.183025314962816,1.5825922950378566,10.864285714285714,1.4071230358768338
316,9.30785137085137,0.9888987725094429,11.135714285714286,1.4698396413992139
317,9.697737498612499,2.0516998874469796,11.535714285714286,2.2537069991672025
318,10.237668467604198,2.9491900870897463,12.355166666666667,4.024662987961435
319,9.48950819088319,2.5630491773935207,11.246666666666668,2.0927366453203486
320,8.9350157990158,2.22526049525027,10.961666666666666,2.7209661274383166
321,8.817290147352647,2.845843968740085,10.832857142857142,3.5236081142569113
322,7.597750312187813,2.0499095743384874,9.924285714285714,2.3195894546439115
323,7.830588168775669,2.18540481583734,9.773714285714286,1.9866438797031303
324,7.713932262182262,2.6832138772609673,9.526,2.8546049931061686
325,6.542968635531136,2.5283215876029894,8.425857142857144,3.2395150063227796
326,5.679749417249417,2.787920812438192,8.028571428571428,3.1208025600873275
327,5.338803876678877,2.072147415842428,7.737571428571429,1.6915371566657804
328,6.791970508658009,1.7199905443137444,8.975428571428571,1.4680507322231584
329,7.136466804029304,2.3704742404817316,8.471714285714286,2.615710528982244
330,7.139265331890333,2.7832031935244674,8.852714285714287,3.4111261441683114
331,6.815520056332557,2.4140981882354122,8.340285714285715,2.6905219267077602
332,6.813037247474747,2.5758854518636842,8.47557142857143,2.6674102832237145
333,6.115887882950383,2.656897854204105,8.548714285714286,2.6109209559263253
334,5.272766913641914,1.847538657920971,7.176714285714285,1.9609779630145188
335,5.292591748529248,0.959379298009492,6.570285714285714,1.60990017436752
336,4.759892553524907,0.9164715505901724,6.4628571428571435,1.2403760758430522
337,4.551476851851851,2.027082067696241,5.483333333333333,1.9613444028692835
338,5.177251727439227,1.7427956443192862,7.040857142857143,1.7395597554718094
339,5.3548577741702745,1.05174697030833,7.278714285714286,1.3363352516348228
340,5.255166964979465,1.3233342646189392,7.095714285714286,1.8052213820180723
341,6.406446983571984,2.482129743735143,7.861571428571429,2.6987558773839266
342,6.285749694749695,2.048849528413946,8.165000000000001,2.6434167914525575
343,5.42190598984349,1.9298896406714177,7.403714285714286,2.7907782495381537
344,5.61966924048174,2.583489482309348,7.3625,2.382449894541331
345,4.893079177766678,3.3692484215758096,6.658571428571428,4.240389323994628
346,4.6315032051282055,3.426343070815228,6.207285714285715,3.325934390728201
347,4.792997766122766,2.841258602363485,6.2942857142857145,2.8696186572600966
348,5.618520521145521,2.0955152655225384,7.121285714285714,2.8156182100494207
349,5.875597236097236,2.0269035635424495,7.368714285714285,2.2549599933099853
350,5.223663343600843,1.8807974458869061,6.656428571428571,1.8788206280486044
351,4.8792749403374405,2.6044709094519254,5.986142857142857,2.846386916107941
352,5.364791125541125,2.827417082058814,6.746,3.2761029186112767
353,5.604363601676101,2.2110314678362974,7.162571428571428,2.41848946363516
354,6.402812125374625,2.858920538314515,8.164857142857143,3.465001319315354
355,6.0683428238428245,2.783652743389069,8.021857142857142,3.529586256610984
356,6.649594676157177,3.179755414449659,7.932142857142857,3.4331291571282034
357,6.894527722277722,2.819670794408615,8.705571428571428,2.6982019850969183
358,6.595255383505384,2.8485904940463573,8.577,3.1584828108866874
359,6.7500435952935955,2.710345331367158,8.111571428571429,3.1498099867104608
360,5.279878517316017,2.7322630502091108,6.804714285714286,3.060415315731168
361,4.766464334276834,2.8886746354439605,6.013714285714286,3.13336234282417
362,5.060549827261293,2.9962567804324522,7.372142857142856,3.7079531832971955
363,4.847026628464128,3.178601857809673,5.935,3.3607337294108857
364,4.9947057190494695,3.6879210160851192,6.520166666666667,4.149876114616756
365,5.051363888888888,4.920669369599245,6.373,5.200501754638681
366,2.2071258741258744,,2.699,
